evaluation/task1_success,evaluation/task2_success,evaluation/task3_success,evaluation/task4_success,evaluation/task5_success,evaluation/overall_success,step
0.0,0.0,0.0,0.0,0.0,0.0,1
0.72,0.72,0.3,0.0,0.58,0.46399999999999997,100000
0.9,0.72,0.32,0.0,0.6,0.508,200000
0.82,0.76,0.48,0.0,0.86,0.584,300000
0.86,0.82,0.3,0.0,0.86,0.568,400000
0.82,0.7,0.38,0.0,0.86,0.5519999999999999,500000
