evaluation/task1_success,evaluation/task2_success,evaluation/task3_success,evaluation/task4_success,evaluation/task5_success,evaluation/overall_success,step
0.0,0.0,0.0,0.0,0.0,0.0,1
0.44,0.6,0.38,0.0,0.78,0.44000000000000006,100000
0.48,0.62,0.26,0.0,0.58,0.388,200000
0.34,0.7,0.42,0.04,0.8,0.45999999999999996,300000
0.46,0.58,0.5,0.04,0.7,0.45600000000000007,400000
0.34,0.6,0.36,0.04,0.78,0.42400000000000004,500000
